{"cameraMode":{"drawMode":0,"name":"Shaded","section":"Shading Mode"},"sceneLighting":true,"audioPlay":false,"sceneViewState":{"showFog":true,"showMaterialUpdate":true,"showSkybox":true,"showFlares":true,"showImageEffects":true,"showParticleSystems":true},"in2DMode":false,"pivot":{"x":-0.3803517818450928,"y":1.120919108390808,"z":-3.178478717803955},"rotation":{"x":-0.16748349368572236,"y":-0.020106667652726175,"z":0.0034553287550807,"w":-0.985679030418396},"size":0.8660253882408142,"orthographic":false}