{"cameraMode":{"drawMode":0,"name":"Shaded","section":"Shading Mode"},"sceneLighting":true,"audioPlay":false,"sceneViewState":{"showFog":true,"showMaterialUpdate":true,"showSkybox":true,"showFlares":true,"showImageEffects":true,"showParticleSystems":true},"in2DMode":false,"pivot":{"x":-6.440332412719727,"y":-3.155449390411377,"z":6.317758083343506},"rotation":{"x":-0.15209472179412843,"y":0.7630669474601746,"z":-0.19428209960460664,"w":-0.5973712205886841},"size":2.0850725173950197,"orthographic":false}